p00oemsofroberther00herrrich 0062
p1allgemeineency56v57ersc 0181
p1lasemaineducle06pari 0196
p1livinglondonit02simsuoft 0190
p2revuedesdeuxmo1892pariuoft 0308
p2verslagvandege16akad 0058
p5revuedesdeuxm1859pariuoft 1027
pacificreporter68compgoog 1160
pacificscientifi00bryarich 0005
padremanoelbern00berngoog 0123
pageantofpopesco00bale 0407
pageesquireknigh00lans 0008
pagesfromacriti00tallgoog 0037
pagetpapersdiplo02pageiala 0131
paidologyscience00chri 0201
painandanaesthe00commgoog 0020
paintersofvicenz00borerich 0283
palackspolitisc00palagoog 0009
palestineepicofh00fitz 0079
pamiatinadezhdy00unkngoog 0059
pamiatnaiaknizh00uchigoog 0314
pamitnikipukown00gsgoog 0043
pamphletsonprot03unkngoog 0135
pamtkyarchaeolo04prazgoog 0309
panamacanalrevieaug16pana 0014
pangeometrie00liebgoog 0055
pangermanplotunm02ch 0230
panoramaguatemal00josguat 0091
papalinfallibil00gayegoog 0302
parcomposdestra01unkngoog 0024
parisdmolimosai00gautgoog 0337
parishregisterso35kirk 0035
parliamentaryhi07parlgoog 0009
parliamentarypa178commgoog 0641
parnassossyggra08pargoog 0552
parsifalafestiv01wagngoog 0030
partingofwaysdra00lambuoft 0121
pasadenakinderga00pasa 0050
paseosporgranad00echegoog 0262
paseosporlascol01congoog 0107
passerose00hardrich 0277
passingaraceand00goog 0129
passingvoice00bost 0070
passionweekacol00weekgoog 0067
pastelexpressio01rosegoog 0000
pasteuretleposi00cancgoog 0016
pastoralletters00craigoog 0072
pastpresentofbue00wege 0137
pathempireachro04fishgoog 0325
pathologicaloutc00smit 0055
patienceandpers03patigoog 0253
patrickwelwooda00unkngoog 0248
patrioticoratio01fowlgoog 0207
patrologiaecurs10saingoog 0069
patrologiaecurs16saingoog 0763
patrologicursus75migngoog 0430
pattysdream00whitgoog 0243
pauloucello00pascuoft 0016
pdioscoridaepha00verggoog 0547
pearlgreatprice01smitgoog 0078
pearlsandothert00traugoog 0107
peckhamgenlyon00jamerich 0380
pedagogafundam00lord 0077
pedagogicalsemi02unkngoog 0018
pedagogicalsemin21provuoft 0130
peepsintopersia00herm 0039
pelicoteticsorsc00sanduoft 0075
peninsularsketc00sketgoog 0404
pennsylvaniamag30penngoog 0186
pennsylvanian19361937penn 0144
pennycyclopdias17longgoog 0417
pensesdepascal00havegoog 0199
penseurslibreset00duga 0243
pentecostofcalam00wis 0057
perchfrancescae00carrgoog 0050
peregrinatoresm00odorgoog 0187
perfectdayotherp00cool 0052
peritouiditikou00unkngoog 0133
perranzabuloelo00trelgoog 0008
persianloveeleg00wolcgoog 0046
personalhygiene00librgoog 0031
personalnarrati00palggoog 0245
personalnarrati01humbgoog 0601
personalreminisc00chit 0351
personalreminisc00nemi 0388
personalsoulwinn00evan 0092
pertelote1935brev 0111
peterkoelblemanu00koel 0011
petiteencyclop02biss 0056
petitepluiecomd00pailgoog 0054
petrographicmeth00weinrich 0044
pflgersarchivf142bonn 0499
phantomfortunea00bradgoog 0091
pharmaceuticaler24newyuoft 0047
pharmacistvolum00unkngoog 0139
pharmacologyand01woodgoog 0369
pharmacopiaofjap00japauoft 0092
philadelphian03jenn 0023
philatelicallibr00tiff 0055
philebusplato02burygoog 0168
philipmassinger00crui 0056
philippineaffair00schu 0007
philippineislan01worcgoog 0232
philippineisland00dail 0041
philippreisinve02thomgoog 0102
phillipsexeterac00belluoft 0007
philoctetesother00nesm 0010
philologus52archgoog 0019
philosophicaltr07britgoog 0010
philosophieetpo00damgoog 0037
philosophyhappi00thomgoog 0285
philosophyinfin00caldgoog 0070
philosophyinpoe00unkngoog 0106
philosophyofreli00brig 0556
philosophyofslee00macn 0329
philosophyshort00mattgoog 0033
philosophysound00higggoog 0225
phoenix1965cumb 0010
phonographicaman00howaiala 0121
phonologygrammer00sipmrich 0039
photographersview00bishrich 0057
photographiedes00berggoog 0013
photographyfinea00bailrich 0051
physicaleducatio00oswa 0269
physicaloptics00glazrich 0026
physicochemicalc00knoxuoft 0122
physicsinorganic00mcglrich 0114
physikalischeth01unkngoog 0066
physiologicalche02lehmuoft 0176
physiologyofmind1878maud 0568
phytologia581glea 0053
phytologistapop00newmgoog 0110
pianomasterytal00browgoog 0045
pictographsnort00swangoog 0248
pictorialdesplym00lond 0010
pictureliverpoo00unkngoog 0051
picturesfromita01unkngoog 0281
pilgrimsprogr1796buny 0455
pilgrimsprogres00faurgoog 0205
pilotthatweather00plutiala 0107
pindaricarminac00heyngoog 0124
pineburr192500unse 0169
pioneersofoldhop00eger 0007
piouscommunican00imme 0260
piscatorialremin00boosrich 0017
pismastanisawao00bielgoog 0505
pittsomechapters00ashbiala 0445
placecompensati00sanggoog 0140
placeofwashingto02dill 0011
plaidoyerspolit00vvegoog 0007
plainthoughtson00lawrgoog 0204
planchette00sarg 0184
planeandsolidge00failgoog 0361
planeandspheric01hillgoog 0086
planetaryandste01mitcgoog 0064
plantevxtenpaa00oste 0011
planundanlagedes00ziem 0049
platformofameric03amer 0037
platonsthetet00michgoog 0195
platossymposion00wasgoog 0090
playersplaywrigh01cole 0224
playersplaywrigh02coleuoft 0469
playsandpoemssh06johngoog 0324
playsbystrindber00stri 0051
playswilliamsha02reedgoog 0286
playswilliamsha09fleigoog 0155
playswilliamsha16fleigoog 0235
playswilliamsha22steegoog 0434
pleaforintroduct00dens 0003
pleasantrhymesfo00jose 0035
plotsandpersona00downgoog 0162
plutarchslives00plutrich 0477
plutarchslivesof01plutuoft 0381
pocketalmanackfo1840amer 0246
pocknellslegible00pockiala 0033
poems00bellgoog 0059
poems00cowp 0280
poems00himb 0019
poems00ruskuoft 0051
poems01newtgoog 0088
poems02tiltgoog 0392
poems13browgoog 0043
poemsballadsofro00stevuoft 0317
poemsdon02donnuoft 0102
poemsemerrich 0226
poemsillustrated00poeerich 0021
poemsnarrativel00moth 0367
poemsofarthurhug00clouiala 0036
poemsofjohncleve00clev 0272
poemsofjotconsis00terriala 0011
poemsofmalaypen00greeiala 0065
poemsonseveralo00parngoog 0127
poemsossian14macpgoog 0266
poemsrandolphinn00randiala 0056
poesieeprosedic00aricgoog 0120
poesiefrhausund00klemgoog 0093
poeticalworks00moorrich 0249
poeticalworks04dryduoft 0282
poeticalworks05spenuoft 0350
poeticalworksal02tenngoog 0350
poeticalworksed15spengoog 0252
poeticalworksge02bellgoog 0056
poeticalworksgiv00keatuoft 0302
poeticalworkslo00unkngoog 0045
poeticalworksofg02chau 0343
poeticalworksofj00beat 0219
poeticalworksofn00roweuoft 0057
poeticalworksofo01holmiala 0026
poeticalworksoft00macdrich 0145
poeticalworksol00mitfgoog 0242
poeticalworksrem00whitrich 0378
poeticalworksro25browgoog 0026
poeticalworkssk01waltgoog 0618
poetiskeskrifte3v4heib 0256
poetry04assogoog 0354
poetryinredbooko00evanuoft 0034
poetryofantijaco00cann 0065
poetryofbyroncho00byro 0190
poetryreligiono00robe 0390
poetryrobertbro00broogoog 0055
poetschildrenhar00towluoft 0251
poezye03tetmgoog 0131
polemicalworksin02wycl 0095
polensschicksal00unkngoog 0201
polepoppenspler00unkngoog 0075
policefranceana00mildgoog 0081
policepeaceoffic19521952sanf 0190
policyclausesco00yorkgoog 0024
polishrevolution00hordrich 0068
politicalconfide03babiiala 0158
politicalfactsa00douggoog 0121
politicalopinion01wayl 0088
politicalsystem00fenwgoog 0007
pollardssynthet04pollgoog 0008
polnoesobraneso01unkngoog 0341
polnoesobranies04markgoog 0263
polskaprzezygmun00bran 0281
polybiblionrevu110fragoog 0609
polybiblionrevu170fragoog 0549
polybiblionrevu57fragoog 0414
pomnikstudentst00sgoog 0026
ponderacountysoi1962pondrich 0001
poorlawguardian00glengoog 0061
poppyvenom00cogoog 0028
popularballadsa03jamigoog 0298
popularhistoryof01kaem 0465
popularsciencer18unkngoog 0272
porcupinesworksc08cobbuoft 0374
portfolioofsamue00mccl 0088
portfoliooracol05portgoog 0535
portraitbiograph02inchic 0193
portraitbiolinn00chap 0635
portraitmrswapl02peabgoog 0165
portraitsbiograp00mcat 0010
portraitscontemp01sainuoft 0122
portraitslittr00gran 0355
portraitsmemoir03caulgoog 0162
portroyaleducati00caderich 0018
portsmouthsunda00peabgoog 0102
portsofdutchindi00coolrich 0012
posies02mend 0167
posiesetthat00bernuoft 0094
positionmotheri00hogggoog 0017
possession00unkngoog 0126
postilla1671975peab 0005
postofficeannual189495gla 0350
postponedmilleni00broorich 0021
potesbeauceron01merluoft 0151
poultryexperienc00gros 0004
pourparlersdiploser2v5pari 0281
pourtraicturehi01scotgoog 0030
poverinaastory00cantgoog 0026
practicalaccount01esqu 0139
practicalcystos01pilcgoog 0252
practicaldiscour04will 0161
practicalfarmin00allegoog 0090
practicalguidet01frazgoog 0472
practicalhintso02phingoog 0204
practicalmedica00ranngoog 0176
practicalobserv01haregoog 0086
practicalorthod00dewegoog 0535
practicalrulesf00burggoog 0042
practicalsheeta00atkigoog 0336
practicalsheetm06tescgoog 0076
practicaltherap00warigoog 0766
practicaltreat00gros 0110
practicaltreati00bendgoog 0007
practicaltreatis00hano 0007
practiceactcali00labagoog 0182
practicecountyc00sweegoog 0039
practiceofmedici1888byfo 0028
prairiefarmersdibwc00chic 0030
prcisdudroit01reviuoft 0103
prcishistoriq02lacr 0049
prcishistorique06baesgoog 0029
precishistoriqu00consgoog 0046
predictionbyist01stewgoog 0346
predstavitelstv00gordgoog 0011
preliminarybibli00paxsrich 0003
preliminaryrepo00riesgoog 0110
preliminaryrepo00survgoog 0004
premiresuvresso00guygoog 0129
preparationofste00mill 0031
presbyteriancoll297pres 0004
presbyterianhis03wilsgoog 0344
presentforprotes00cosm 0062
presentstatehay02frangoog 0418
presidentlinco2175ludl 0023
primaryfactorso00copegoog 0124
primaryteacher01unkngoog 0058
primerofteaching00gree 0278
primitivecultur13tylogoog 0232
princeofcarencyn00auln 0157
princeofwalesinc00woodrich 0249
princessjoyce00snowgoog 0188
princetontheolo00semigoog 0409
princetontheolo09semigoog 0381
princetonworkinp01prin 0025
principalusesmo00unkngoog 0157
principesdudroi00rivigoog 0482
principeslmenta00bresgoog 0171
principiididiri00sivigoog 0041
principlesameri00lawsgoog 0660
principlesandpr00cosggoog 0242
principlesconst00donagoog 0061
principleselect02flemgoog 0619
principlesequit00snelgoog 0505
principlesofelec00timbrich 0347
principlesofplea00stepiala 0188
principlesofstra00grabuoft 0343
principlesphysi00towegoog 0069
principlespracti03sutcuoft 0033
prisonersmemoir00andgoog 0088
privateanecdotes02govi 0163
prlogolosanales00vengoog 0016
probatereportsa00clargoog 0014
problemedermode00mahlgoog 0090
problemforminpa01ogdegoog 0143
problemnervousc00evangoog 0082
problemofartslit00ahmerich 0001
problemsinaltern00lyonrich 0089
problemsufferin00smitgoog 0019
proceedings00democrat 0021
proceedings03dave 0076
proceedings12novauoft 0376
proceedings1896newy 0191
proceedings26amer 0378
proceedings32keltgoog 0073
proceedingsamer100socigoog 0216
proceedingsands00johngoog 0013
proceedingsatde00unkngoog 0010
proceedingsbath00englgoog 0128
proceedingsbiol00washgoog 0254
proceedingscambr05camb 0294
proceedingsdorse13dors 0024
proceedingsedin04socigoog 0237
proceedingsesse07instgoog 0393
proceedingsinter1877vol1inte 0201
proceedingslexi00masgoog 0243
proceedingsofa1904ameruoft 0086
proceedingsofaca01acad 0230
proceedingsofann1856bapt 0011
proceedingsofann47ameruoft 0215
proceedingsofann981997amer 0038
proceedingsofbos08bostuoft 0054
proceedingsofent3940193738ento 0655
proceedingsofgen1884alli 0703
proceedingsoflin60linn 0217
proceedingsofmee00dist 0003
proceedingsofro19roya 0885
proceedingsofuni18881unit 0447
proceedingsofuni501916united 0573
procesocontrael01sartgoog 0502
processionofplan00healrich 0031
prodromusfloraec00knap 0035
professionalindu03davis 0221
profitfrominvent00simo 0055
programadelasas00habagoog 0167
programmesofproc00permrich 0362
progressiveestat00farh 0042
progressofeducat00tappa 0025
progresspriscil00cleegoog 0068
projectodocdigo01santgoog 0083
projetdelapropo01cousgoog 0317
prolegomenatoet02bradgoog 0023
prolegomenazuei02mlgoog 0046
propatriaautobi01mackgoog 0134
property00eddy 0091
prophetofallegha00wykeiala 0043
proposedcodeoffa00unit 0009
proposedcodeoffa5200unit 0003
proposedradicalr00newcrich 0016
proposedreclass02housgoog 0009
proposrustiquesi00dufa 0061
proprietyofackno00mcco 0001
prosadoresbrasi00moragoog 0190
proserpinedecami00dest 0037
proseworks01aldriala 0073
prostitutionine02flexgoog 0156
protectionoffree00sumn 0006
provinceschina00brucgoog 0128
prtextesrfle00gideuoft 0315
psalmodiagerman00wattgoog 0208
psalmsandhymnsf00oxfogoog 0144
psalmsinmetresel00newy 0128
psychicfactorsc03wardgoog 0363
psychologicalcl00unkngoog 0227
psychologicalmon31ameruoft 0475
psychologienatu02despgoog 0228
psychologydescr01laddgoog 0368
psychologyearly00mudggoog 0043
psychologyoffutu00boiruoft 0269
psychologyofkais00prin 0073
pt1ernestmaltrav02lytt 0185
ptolemysgeograph00stev 0047
publicastro01ameruoft 0365
publications03detr 0151
publications05biblgoog 0178
publications08unkngoog 0040
publications23abergoog 0163
publications24yorkuoft 0196
publications32royauoft 0061
publicationscat25britgoog 0157
publicationsfed00statgoog 0023
publicationsofsc37scot 0703
publicationsorig11earluoft 0551
publicationssou13assogoog 0091
publicdocuments36wiscgoog 1021
publichealthrepo08unit 0008
publichearingoni3389unit 0001
publichygienein01bowdgoog 0154
publiclawsofstat186667nor 0067
publiclawsresolu1897nort 0092
publiclifediplom00masonva 0403
publicschoolmeth03mcmu 0256
publiekrechteli00vosgoog 0320
publishersweekl44compgoog 0846
publiusvergiliu01virggoog 0139
pulpitoratorbei00unkngoog 0121
pussinbootsandm00unkngoog 0075
puteshestvevtib01dasgoog 0348
